timestamp,delta,theta,alpha,beta,gamma,focus_score,state,transition
1771723845.2115588,148053.07893867162,12457.86866543109,3010.094718888012,588.019611378325,147.79012926642827,0.8459079057187204,Neutral,False
1771723846.199768,10966.953705851864,10122.282240204702,2723.727573718754,657.9900053970426,104.76044149765491,1.0290655959110997,Neutral,False
1771723847.2066529,36242.94193294803,1464.4702600631467,220.73463098193025,112.07774053485315,98.6665768175385,4.718881755579285,Neutral,False
1771723848.208821,29919.5282650809,1729.0744496323343,310.69277290035353,465.83844810496663,477.07679229964174,6.818139634922795,Neutral,False
1771723849.2420459,5992.221521545087,683.0816711493293,221.4933625521368,277.95391006789686,361.6722039724179,3.4969549088106597,Neutral,False
1771723850.216179,63237.389404365196,7690.582271115683,2868.4986703389472,2334.912908385969,493.8275097392793,12.578009260827207,Neutral,False
1771723851.2168682,50828.448852786685,20554.821559645192,2377.049092110283,1428.369648987447,440.2651852722162,8.071550161671768,Scattered,True
1771723852.218669,10284.139977666004,1159.2666862278784,223.48930495213202,306.55296160225487,590.76375228402,0.2680766644113386,Scattered,False
1771723853.219687,4338.854102801142,1686.606197451009,378.093677143389,340.19939052380187,119.41716932690152,0.7388104028487799,Scattered,False
1771723854.220835,405.18866479701967,118.2151541394295,162.81550922996541,172.53177741871562,73.20354804381603,15.240003552283978,Scattered,False
1771723855.2244859,3111.576377537973,347.5126187731588,144.4032964215245,260.4303409971247,290.2780318065496,4.501829024250407,Scattered,False
1771723856.2247272,623.5100073636025,53.34433303802351,14.625750323845356,98.61289913303395,63.942807590880776,7.2177454412861275,Scattered,False
1771723857.245034,405.45984797547385,83.95838368714163,48.82897531561108,88.72876414191637,116.50116077040202,8.459387042045826,Scattered,False
1771723858.232277,602.6104350283695,56.37789325317473,25.435511157824045,94.42748308510244,116.08673430774573,3.1051207556961433,Scattered,False
1771723859.2363782,222.74666370492258,20.550571342337566,16.760998723043322,88.46439425084569,74.01681208157794,8.604277645707546,Scattered,False
1771723860.240551,2018.708873226552,327.74442925617683,68.90121208941099,68.93960792215665,105.54953125920528,17.054221847889146,Scattered,False
1771723861.2427342,477.8155566826957,26.561084749124603,11.137097255624552,112.67999876348485,92.37066887582914,15.269836347913023,Scattered,False
1771723862.2466571,532.3836014458516,181.04631156215203,36.51233238040871,96.7952317027212,66.37131060087566,1.8995373350800322,Scattered,False
1771723863.2477949,168.65987489875312,76.03815986721273,44.68853816044923,116.46108755160841,65.97730555407279,3.0321773789994606,Scattered,False
1771723864.257316,463.56652395958815,183.02173616075277,58.680604908998944,77.11732368911214,68.37247022513074,2.5967750695398975,Scattered,False
1771723865.2533572,612.9169157891682,35.48016387898662,15.350472698794565,49.2620998767547,34.658377066623636,2.2870661802547896,Scattered,False
1771723866.2586539,1083.6458586483202,41.881287678797825,13.973071170110101,26.38712099465429,26.91917746327838,2.6613034167127236,Scattered,False
1771723867.2629278,846.0169153852819,21.527350164004076,10.741039414593217,22.13597685663885,19.58622975557356,1.5990831055708445,Scattered,False
1771723868.269181,1116.2695053508166,42.65536089280447,32.127070324524986,56.593466992580844,51.25875739387607,1.9766809774433067,Scattered,False
1771723869.2667031,903.8802194106952,55.69876104509048,16.596410897261062,57.48984953383976,47.46251091217859,1.2242919380592832,Scattered,False
1771723870.273217,618.5393949949764,27.918855553073335,13.615729393605708,44.116586882280394,43.41122383826257,4.467132152117576,Scattered,False
1771723871.277292,1951.219936130299,72.4502511707983,21.845346230044527,59.27199023123948,45.9870599589664,1.6160857963831539,Scattered,False
1771723872.282384,618.8746754224869,15.85564352794529,35.95185377450059,47.12977312179568,41.073128417453034,4.724655447376626,Scattered,False
1771723873.286112,1020.036548032904,12.471553414832997,11.137864898815213,43.48811669417575,33.69024634633238,4.925013029268604,Scattered,False
1771723874.292203,884.4081449530116,14.480589710550952,16.94705206106414,36.874353342263504,34.063447267285156,3.7068243598031825,Scattered,False
1771723875.2931972,634.5009700011907,7.21552813843237,6.570108918682746,25.83930378344698,20.633792841448795,3.7391182139362753,Scattered,False
1771723876.297645,803.237230248195,24.038389918043602,13.705900533911173,24.89225491342598,25.664744549228423,1.9357422000648579,Scattered,False
1771723877.364872,1371.0611315702847,330.6773411905613,19.999976469716348,56.640517434036184,53.3498752084587,0.40934769338404053,Scattered,False
1771723878.32922,5595.053839092297,997.3632679013056,237.59421827333227,135.5962657924346,106.6813635239753,0.688557930556806,Scattered,False
1771723879.329561,216.88926127961645,83.80796920335791,50.390278450120036,91.53126311232487,82.48255220507554,5.190129253175064,Scattered,False
1771723880.331809,646.3629208619719,105.0495150196544,48.77998984611207,89.66615538715202,138.29455177781765,2.3165501960527024,Scattered,False
1771723881.332351,24108.77329622547,4115.226878233715,570.6169370642255,127.15978760204914,63.224838562336664,4.1713061824895385,Scattered,False
1771723882.340061,257.93687844960084,29.03599386247838,29.801495684450252,164.87544625515287,293.2808722180964,9.080029245204361,Scattered,False
1771723883.338916,336.4711223586172,19.344790920142657,26.363327753121723,39.093388924690096,52.01252432646619,7.769656954084499,Scattered,False
1771723884.343595,144.80480175368487,19.994054346859777,20.19507082950733,47.14530152593601,55.81872378317646,5.273520345955443,Scattered,False
1771723885.347702,66.95841012470243,6.554760573318675,9.766210335383196,59.890377926206234,64.4998856862698,14.638991497206845,Scattered,False
1771723886.352965,198.4344691354308,14.647797294845516,15.076942051008889,65.51951361309976,45.7341878326314,7.650951680473515,Scattered,False
1771723887.35297,184.25874626006402,52.846394580500245,20.014662750895027,62.390615032167666,49.45658004309825,3.2254896927256533,Scattered,False
1771723888.359508,211.23143573737488,19.344411436154438,11.122757972780967,62.66171294879028,38.1417691699793,8.248966722903717,Scattered,False
1771723889.366905,76.04140372784039,21.12140081864292,15.050886882023683,63.91824238835588,29.892935028101917,11.945359118223202,Scattered,False
1771723890.366762,84.71751805295914,36.4484417764442,18.515545000072176,40.50396462341968,25.072918352070992,6.63230170649619,Scattered,False
1771723891.3732102,91.62171917405854,31.326587583012007,15.431206329299997,61.7162280250148,76.08161222479575,2.7884848905306967,Scattered,False
1771723892.373981,288.85242609106956,50.994411434669246,31.83800622363918,76.42797453725585,50.939366116234304,7.259519958056196,Scattered,False
1771723893.3744829,185.01702148097507,72.74515457133435,23.386717745807147,60.44976268094432,31.261123729337314,2.100460686670653,Scattered,False
1771723894.378485,1392.070678653302,120.51949477069587,33.58775729430806,159.6978863161669,45.34417053544005,2.4372504547251146,Scattered,False
1771723895.383828,1138.8486047874483,31.196101463425965,21.760256047980025,63.64058290614261,41.730023951117865,8.001346314298237,Scattered,False
1771723896.3886,1250.5169930574225,134.21498838089155,41.420371944481644,97.37896615952252,104.11017391605994,2.93751605082684,Scattered,False
1771723897.390781,101.66114597557802,19.22326772077727,14.52163442811116,59.28866530031982,62.25811321075225,6.098367553090826,Scattered,False
1771723898.393128,210.83165242934723,73.3525592352186,41.937013472618034,57.78525312577504,63.03926443268076,1.693112887630324,Scattered,False
1771723899.397245,164.13095351098352,27.98596524922042,19.323818535498102,100.47258071191834,56.346081074016226,4.264520872226846,Scattered,False
1771723900.402185,193.6719887874631,26.30207242929827,17.523922660520274,51.911237898605364,65.16248771132153,2.2796510666621295,Scattered,False
1771723901.4070148,118.6623069974908,35.20004438403476,22.257996409562878,51.97572179191233,53.890129153176005,1.923351508515085,Scattered,False
1771723902.412436,878.867611346582,124.87973655736067,44.466500264852456,285.732709840526,118.72232555291109,2.510870702117935,Scattered,False
1771723903.4107158,96.02352076000645,33.401108369194844,11.20327372292954,63.85320682564871,49.77679994071386,2.4291425508856936,Scattered,False
1771723904.413722,123.94592382467224,141.78032640466202,70.66560662290351,115.84638804746616,61.17369565086253,4.577813446027137,Scattered,False
1771723905.566354,140.77292577702787,24.081281906908465,12.119092820456082,66.61131179959247,44.36051629497237,3.177744492641308,Scattered,False
1771723906.427387,272.5339259485799,14.279827453212407,14.856511316011305,48.43838145171023,39.56835856446567,4.954314558651912,Scattered,False
1771723907.540212,560.0344549679742,248.1242826205435,76.3398852918832,187.75077154963753,77.5200322635504,1.789680546804119,Scattered,False
1771723908.537919,120.32778747652011,8.036366523161417,7.7492576722926225,64.24591868507052,46.50287625947742,10.492152205446821,Scattered,False
1771723909.634727,216.75765289143175,21.30548683772851,10.987218054702002,65.95454556505574,30.595249048474955,10.605284676643677,Scattered,False
1771723910.85946,121.87388189186026,8.196506505049367,13.05766352525497,32.52789458919202,28.42624088545991,17.407053474883426,Scattered,False
1771723912.09124,106.7404507605785,7.39402678133335,12.037337149512421,38.703977208520826,28.417644500147652,7.227953000877538,Scattered,False
1771723912.704009,121.7094520603517,15.07038757192869,11.251100630357302,40.851533963528,28.316442872784677,7.0768804564545515,Scattered,False
1771723913.713778,693.6345310768702,226.5091929452163,90.34546501744003,88.51050642575625,52.49457381196244,1.2351652296875575,Scattered,False
1771723914.726274,800.0331583301519,34.34985677869578,19.1877793100045,61.382736644064195,42.478046861636386,3.537268040646123,Scattered,False
1771723915.92193,228.5168965996582,61.11306705969503,14.402883343055592,45.82937860338156,24.829229251788348,1.4568787969931318,Scattered,False
1771723916.786747,138.2293331943686,17.528037282490548,27.957978857568317,45.55364597867182,23.61470169289928,5.303933437561384,Scattered,False
1771723917.8305311,192.66036696237268,15.915993059147606,20.76062716624984,35.036924654312884,17.254537824624496,3.7398642529064747,Scattered,False
1771723918.753505,119.48022625161299,42.897206445829916,17.369850246812234,35.7107526339803,29.871580112838085,1.2522502335680694,Scattered,False
1771723920.93194,110.41890727421983,39.26555858504808,33.40418774149876,40.129533026007465,26.637914236978386,1.4968614862013734,Scattered,False
1771723921.1139,242.7137585014245,166.0142968237681,95.27545874953574,40.334328005805624,36.68595973329862,0.39503102536556584,Scattered,False
1771723922.10153,363.5967034114754,89.62504126700908,22.003920763167702,57.80405613588883,60.51565920836465,2.5811597636196995,Scattered,False
1771723923.0261152,20.320134322161888,11.116511042702363,15.242546601379683,48.890700335122006,38.018642731685524,7.209587127739757,Scattered,False
1771723924.061186,733.8830597490779,102.989215137061,27.52073599031879,56.56871889819742,45.947833735429924,3.144484937568941,Scattered,False
1771723925.050333,1181.8294324157305,650.8425378868591,102.0738124136664,69.92209678542599,46.86231779042418,0.1832852653370377,Scattered,False
1771723926.003367,180.00348806472718,63.47194288310088,15.501482788294188,41.48150727334642,24.436880062465065,0.9678859336393897,Scattered,False
1771723927.0738702,313.9020027042145,227.94697311920493,73.88674968663129,86.2476731343949,49.2341499348312,0.5312815039293594,Scattered,False
1771723928.0121422,248.26810724666146,277.16696005676704,64.85237354189138,85.88646576588752,54.2914193047819,0.5424087934848262,Scattered,False
1771723929.046516,68.18560368010016,41.98449726925537,28.543350006169483,39.671293196895576,20.43506091152222,1.4774183226313815,Scattered,False
1771723930.033451,240.35885452175813,107.5828219502702,38.1864952558861,30.428662718974863,18.851659348885768,0.31653422403035597,Scattered,False
1771723931.044916,192.6928317934546,61.29407681478603,22.076707027359213,85.36927204536846,56.37809109527865,3.3437135943197007,Scattered,False
1771723932.032758,712.7580028006585,172.15790100307035,19.78968274098841,87.43318183516178,108.49453351231686,0.998324627134145,Scattered,False
1771723933.037199,1790.99808969228,359.8928904610492,22.02301722698755,106.76005666153716,105.06683611861843,5.835669016268927,Scattered,False
1771723934.090673,325.56791472388056,77.23588518221106,43.42783532099025,155.52788957219636,60.635314977858705,2.8799995711300985,Scattered,False
1771723935.0316732,509.1698807451842,155.98231289677628,46.268560627412924,31.083330926616462,24.718963508208017,0.28201191621746485,Scattered,False
1771723936.0353112,2005.118451553933,413.5460475962865,102.93761227995581,62.412348295548135,36.846282919131355,0.200904283795506,Scattered,False
1771723937.0407848,11907.64905935344,657.011117414545,39.570813963637775,86.30736325983933,45.768906522360766,1.3214372390974356,Scattered,False
1771723938.041875,466.9555905227194,108.23489008462298,71.46132018893059,49.501935914925916,35.36280412300734,0.6587715045973033,Scattered,False
1771723939.0487812,943.5914172051657,249.73722611161452,77.34574508769128,79.97261682053394,84.19394663606982,0.3445719655449144,Scattered,False
1771723940.052356,100164.87832793217,13754.296357724104,3338.882229144853,683.8736452743576,112.33756948847073,1.1669778635503558,Scattered,False
1771723941.051666,807.6783092570515,45.3536464933362,18.66427994705841,57.90604447252824,28.18892836853265,6.470528011095413,Scattered,False
1771723942.200831,1206.2435345124054,290.4767139351157,154.36551672795153,124.25369544451368,43.129393855703945,0.8644029103342775,Scattered,False
1771723943.0603719,103.10035402955893,31.006361168375086,23.231184819049098,125.88782140734425,69.53239815764113,2.9080569357872217,Scattered,False
1771723944.065374,206.8366118178174,69.63244300457356,76.22753934733967,73.58529821014072,43.942514926603664,0.8782944414361413,Scattered,False
1771723945.065771,258.0682952238278,189.07185216446865,62.44524641972104,29.40662148559185,29.193732558634363,1.1192754709289174,Scattered,False
1771723946.0706491,9327.502130940353,988.0659309664418,109.9780282291444,79.67078107792219,32.01452815333896,0.13605571587957438,Scattered,False
1771723947.08012,5089.261139072672,1470.3947656494922,362.34868363730135,248.8997730450727,138.85722865766687,0.9037697799738472,Scattered,False
1771723948.077593,1361.2229056413767,375.7049299362304,144.79875941185503,265.0988967915547,203.1416862869301,2.011820864026272,Scattered,False
1771723949.082714,1951.7765475762574,599.0176681115458,54.220282573651254,177.91979649066644,98.10858069824349,1.3376132143443074,Scattered,False
1771723950.082079,274.94007863217735,64.15863969814185,18.731349508442314,47.60692522246701,37.70507350648084,6.247871496902112,Scattered,False
1771723951.0844128,25255.307869961784,5049.4300344000685,477.23993716544,241.25561555095905,109.24177492244203,0.5440235459278802,Scattered,False
1771723952.08927,659.8148313227788,135.64212349678238,40.64405266259441,48.93806552135813,36.71187977925642,3.161269232110013,Scattered,False
1771723953.0949728,70184.60906147759,8931.634880305004,2739.4374870397833,1158.767008958747,44.25348152623587,0.1169801052753005,Scattered,False
1771723954.099388,217349.93149197928,24746.246226046573,10447.62270262892,3483.605337932294,641.0765673581279,0.15557321099729804,Scattered,False
1771723955.099914,344501.9816362021,83498.55991182504,60045.24625982044,17155.70948729873,2869.877446009458,0.18407709674183226,Scattered,False
1771723956.10142,146895.72555684575,24523.145131691268,4254.914984354528,1043.1039881283123,203.31533700181436,0.04453897069690976,Scattered,False
1771723957.106143,138363.4298243029,18731.840655465603,1823.457911235599,566.5761981645202,82.14002739587849,0.038049685661432374,Scattered,False
1771723958.109427,92253.5721694286,126037.71915541343,23151.627043704084,17169.272697833618,4099.161571409853,0.07682019618804897,Scattered,False
1771723959.1127748,164070.91051366983,32391.907231289224,3348.455963946565,3631.012997137249,1111.9215526582952,0.10396422705402075,Scattered,False
1771723960.113951,95318.27370478238,50605.293412901956,5934.136277276422,7634.797921247977,898.0429666791331,0.827541731688421,Scattered,False
1771723961.114848,63202.55410512429,49373.115207550145,20365.17188876473,31648.69577029098,4831.849764996774,0.23923839760462012,Scattered,False
1771723962.11576,40176.693179722155,89895.37737913756,13129.583748884386,6895.645052994129,640.8853383582715,0.12391311233292084,Scattered,False
1771723963.118816,13190.493028684361,2973.620184513893,128.69020266405494,128.4635380330607,99.66031580151778,0.6400409737382379,Scattered,False
1771723964.1197991,1975.444383643661,127.92693003029794,15.218682421102017,69.27068410290714,78.0321318944842,7.059302366065495,Scattered,False
1771723965.123921,525.4442369462663,74.57510468329869,31.935846742072204,89.08926189322897,119.48998929057736,6.4221759325257635,Scattered,False
1771723966.158274,116.47828922104875,52.68083452178602,17.265717794418173,55.4309876746629,57.89485819187937,11.115591165863643,Scattered,False
1771723967.261504,7210.073563158675,1033.975716272193,123.88062102538203,176.4895907797764,144.40527688836988,3.3636320755468647,Scattered,False
1771723968.2046452,837.1938114364094,87.11087098223642,63.8966794312876,65.2450850430168,60.07810477106146,0.7088274675740295,Scattered,False
1771723969.157117,1255.8978366200217,429.60017402752027,130.64463161753363,90.61238229674862,52.164305763661844,1.3714644735674664,Scattered,False
1771723970.13946,141.7150849415723,28.394726824357015,15.418141373380145,46.42131236851428,40.86609778322984,3.938840186161294,Scattered,False
1771723971.14198,95.88002701628841,8.998497501793002,10.775487330672895,38.4480253465349,29.03598329532204,5.562080390705994,Scattered,False
1771723972.1465101,306.5660108678168,104.74343173589756,19.178484774509954,68.33518856974734,64.93025269246118,1.8456452218366166,Scattered,False
1771723973.151624,32.85054680671526,35.02476776689557,45.985344331912984,69.946442774741,61.08300164517224,5.0941149830893515,Scattered,False
1771723974.1648178,71.69639696143204,35.6052288618421,25.778258700541006,64.30124013539508,59.275700056513216,4.21703507068633,Scattered,False
1771723975.155664,113958.9804783736,14504.933054950316,4323.294970358122,1638.632922853833,67.77840504595122,0.2249203523618428,Scattered,False
1771723976.1558368,677.7103431264352,39.53625654410543,11.945864900839911,35.30301859306927,30.810478099453356,3.1552092009547836,Scattered,False
1771723977.157741,70.60211936965335,20.608459826477496,5.265919883065571,38.742810714959575,31.66454458248038,9.2646853957418,Scattered,False
1771723978.161859,72.56434941486526,22.21990784689842,11.179468125133429,32.19282150674218,27.867413710757884,3.0469724581195967,Scattered,False
1771723979.181951,3966.1734657522566,1186.2639376560307,44.92740498193188,34.471409584911164,30.35315363770014,3.15676036107207,Scattered,False
1771723980.169764,280.1044038137519,30.73681790500926,20.52342588947215,45.34931623949516,50.5781432172879,1.5001883256564184,Scattered,False
1771723981.1717918,390.9000919632624,91.83814465405696,25.864465858724536,75.69596249950344,101.59449230904248,3.453277412143433,Scattered,False
1771723982.178072,609.9909015407222,14.80755611294973,41.598887623285044,58.29195640460593,37.10989785595048,9.195907964328034,Scattered,False
1771723983.182813,924.3017926213755,610.1237892110717,165.8766218062841,142.53398868308057,31.72543090842185,0.803209172681236,Scattered,False
1771723984.283917,96.22885175322929,14.722942884633547,20.84988723925846,35.533603187589314,36.69233120671278,3.754221496971103,Scattered,False
1771723985.845008,92.01381978380599,14.143471874797125,17.704220624203085,37.77077079876043,38.19411739632781,2.789593393882554,Scattered,False
1771723986.357249,281.1701899471406,66.30574653614666,15.97689678087398,48.07329752642004,43.293850731571496,0.7847043847731973,Scattered,False
1771723987.349258,388.5658958156635,50.19854675140924,50.146583296545614,34.293253719364714,22.58388735019074,6.275439733413624,Scattered,False
1771723988.3225338,436.787122796017,54.33024218202355,12.533057925641089,45.5941046033607,28.948908290072588,1.5550291379575971,Scattered,False
1771723989.320638,1122.6443564839258,222.8133142864672,64.90658067112673,41.56843759650735,28.043054480027994,0.35716812587706065,Scattered,False
1771723990.337146,361.6759070326865,8.669436585231251,19.789648909344848,55.36704146011947,40.1218685831071,6.817610526592756,Scattered,False
1771723991.3351119,270.2892202055443,89.6366161004672,17.894822319039655,35.8682118460999,32.23140306227869,2.609185842757093,Scattered,False
1771723992.368099,1015.374524189903,317.1655153785253,31.334142895380822,104.58560695195274,68.8809582404727,1.2795902675257873,Scattered,False
1771723993.42691,518.8049750594778,49.44281903708131,15.800925026927455,51.091386509662556,40.72991924415613,10.391468241402821,Scattered,False
1771723994.6510358,401.7962770060191,60.170127650816184,44.26626932546624,70.67088511543369,33.72619330531464,3.5635341650974888,Scattered,False
1771723995.3947809,230.7381849825294,43.01630026065749,16.606760948693378,30.085816420432444,31.996974961166046,2.273099382605191,Scattered,False
1771723996.388323,194.98411876087064,18.772720085043623,13.971358613917442,39.80260451988269,20.33647036877422,3.0408433536400103,Scattered,False
1771723997.395274,106.1198088530122,128.99642931026256,17.40845982414868,38.98485760027698,31.95001598354504,1.6359053000347152,Scattered,False
1771723998.58222,134.31335364865657,27.604119577906147,12.901871729289827,41.44125996310436,24.420406983283534,2.0054920945424324,Scattered,False
1771723999.3979368,155.12028453185212,19.13038200930066,13.199673703467976,38.085643165359286,32.22360405972233,3.7913675681401835,Scattered,False
1771724000.399592,107.94103489670998,27.67326038799356,33.565685230848196,50.980972985933846,26.641369951892393,3.1101173752802134,Scattered,False
1771724001.402359,228.72000027022472,54.356740201411995,12.691479845939924,55.71668462709054,21.81900070672687,2.72714308599713,Scattered,False
1771724002.404124,494.06191003038055,123.89467942966148,36.67572061525019,41.529074739517604,34.97520091429265,1.549866298008942,Scattered,False
1771724003.404717,107.73081043495937,50.80402042101246,14.752969170333753,42.87443438593972,38.04324137746981,4.084309073887226,Scattered,False
1771724004.407532,125.49106438661993,52.61865935631022,6.199857830155951,31.812352470034686,16.661173996644475,8.03973144500251,Scattered,False
1771724005.413006,424.8404719176496,139.63071568629493,20.814826714635434,38.23152216677779,25.51527585002969,1.3701508862901228,Scattered,False
1771724006.480902,94.97599768118528,18.864871708691915,16.149310549296157,41.78082042691253,21.558540099099513,4.705541432180379,Scattered,False
1771724007.517231,129.1175847634409,57.07994483667373,14.985446524337695,40.850497680514636,21.022356753644587,1.7787149362092158,Scattered,False
1771724008.433614,199.45338922537252,66.45676048336469,7.765133132586222,54.89753673162133,37.25176247359231,3.3864580580284103,Scattered,False
1771724009.427839,116.35846764455177,65.81794235244992,19.384505712405723,37.283663315598936,26.66686506376427,3.5741630589086926,Scattered,False
1771724010.424434,274.04287491319184,36.19113072529268,14.169145278241576,44.91810397730579,34.90305848398408,2.374481918089691,Scattered,False
1771724011.453374,111.75663358327313,21.469675415951016,8.519749245562384,43.02669472569299,28.08096312997736,4.8972280934232675,Scattered,False
1771724012.451676,4834.866897581211,1189.321925102231,25.708111944150815,86.65786321871445,38.362837738537486,2.0279139872217056,Scattered,False
1771724013.474271,1165.2114910350313,149.37535992199247,9.590214844825596,52.34840622371963,48.50220823041157,2.177076393293403,Scattered,False
1771724014.4471061,220.87834092008922,20.774479224927298,20.650528571191266,48.88710470741165,26.263947529735102,3.9417566229024885,Scattered,False
1771724015.451732,191.26061482483476,116.32368652896776,11.916591481697946,51.7122371546539,32.90155635030562,0.7763817766115911,Scattered,False
1771724016.457401,129.7163614591012,33.5738846357806,15.4124125750286,40.380446712855516,26.994142716620615,5.511790914285991,Scattered,False
1771724017.457312,300.9397144898082,118.20871636452384,41.02287287915111,41.36461566015366,27.029152912043493,1.7413817740830575,Scattered,False
1771724018.452265,708.7252834038065,302.88846636939587,29.317420792237204,26.237796963084513,29.84926799027565,0.5172853588691774,Scattered,False
1771724019.474057,583.9081247550022,99.58798455932306,20.580523745749375,53.78166394993367,55.36815453738444,1.073904673941816,Scattered,False
1771724020.714991,461.5592658598058,86.14679303411971,19.34399899971032,48.59250563448005,29.596870921760928,2.756726637843647,Scattered,False
1771724021.651513,274.50970024061405,53.46197918427464,18.88807852455616,39.41578298845357,37.80518955799451,6.224023510014716,Scattered,False
1771724022.564981,2354.9092836043174,326.47572866240466,34.16796599151975,27.967039046744787,27.693527215930885,1.2794501972797454,Scattered,False
1771724023.6960871,2876.8877570659265,377.56555890919293,44.260446316948766,137.58720381680092,92.11764661856286,1.352391061752503,Scattered,False
1771724024.54595,283.48744669018174,93.69919849490809,17.489066406790432,36.81652365348127,24.96012024206734,0.8222323117407856,Scattered,False
1771724025.515244,93385.38704645318,13637.960540140679,3106.4340412081947,3256.7960613350447,1197.2426656337348,0.29209420027341804,Scattered,False
1771724026.5149078,1918.5593837852662,83.3731718801907,17.373215231905736,161.74416316857878,136.09780448645606,12.522884934265349,Scattered,False
1771724027.518873,760.1041218373314,165.14106954948957,33.913760604596035,68.94419538096139,51.63324323852441,1.474300175098255,Scattered,False
1771724028.5173042,1046.5991164486009,189.71522118683376,18.31731870703225,33.74038419606249,26.999823462845633,0.4484717151462287,Scattered,False
1771724029.519295,1717.0176036234245,265.73394572604025,71.49621746342405,455.07969489710194,1629.6404362503786,1.833545789562173,Scattered,False
1771724030.523881,2060.549093914761,280.3417345113527,36.469510415905376,444.7460944044528,721.141153758422,4.786797755066001,Scattered,False
1771724031.528183,63.02563572100614,16.99063989763955,21.611562516112414,55.17103394209461,60.17244374612757,5.828919262628684,Scattered,False
1771724032.5312388,1075.720663930971,162.11690986550968,44.77626884553875,95.38752236729275,49.56944953972873,0.8963807234681486,Scattered,False
1771724033.535796,332.81550308003574,91.34915177827727,51.84695967674867,85.13755505171704,46.58663880689142,2.350188277981683,Scattered,False
1771724034.537631,387.3748777744487,35.03948811982897,17.107138538145897,85.38239069512551,60.85977455739685,10.054323688225079,Scattered,False
1771724035.541491,658.6895236604018,87.20561723777988,13.179829766244112,102.9742233556094,76.80669401871326,26.77022199451396,Scattered,False
1771724036.5450299,455.2366448384336,37.58892435129373,27.133895673013487,85.40065979375377,73.86306925617019,5.95780672697185,Scattered,False
1771724037.546944,14628.714582692826,1086.3299621415758,149.04713003316039,188.91840395464126,166.5368249649593,0.5218640394855159,Scattered,False
1771724038.5505059,181809.01049186938,26571.157951592704,5134.2915520144525,1613.754602832031,223.89766358897748,0.10756723747151715,Scattered,False
1771724039.55351,41551.531332427556,7347.3702739411665,2602.5017614678554,2179.964771862427,465.14733058767206,0.34352745109668287,Scattered,False
1771724040.559159,9885.128475105872,5517.226028030198,3080.9090543230054,2149.928155143555,154.12285865073991,1.468227930880609,Scattered,False
1771724041.559822,104858.71289601101,90980.17295799612,27219.210049847003,48727.0198483043,17327.011098393403,1.6724728952182288,Scattered,False
1771724042.558382,254541.25999989486,120354.93883311203,66074.47287871814,42427.41319849578,10460.769053839733,0.3582162024833957,Scattered,False
1771724043.558937,433144.86621921975,140308.09769072547,66536.57894405938,42493.4563531663,10287.904194540064,0.43882300779308636,Scattered,False
1771724044.565079,156598.9600466356,82800.3495163575,48019.54930500001,30312.820040047154,6956.473114318294,1.0895902112629847,Scattered,False
1771724045.566657,336873.6168962518,130692.1049371924,47327.11283103931,62741.74449899595,18491.52198367517,0.6538053543117972,Scattered,False
1771724046.565503,183015.92857354094,84751.65745378355,29596.10966788592,26807.989304539944,8624.469733996237,0.40682999037909334,Scattered,False
1771724047.566438,352335.7511949503,156969.08528211637,83946.60063289636,95140.84677858438,22573.232816583946,0.7503815835738543,Scattered,False
1771724048.568583,675742.6450598887,80968.45077354024,40426.27828578381,30770.78354180652,6665.035774578345,0.396464570316079,Scattered,False
1771724049.5713239,169967.76052505913,146957.99827680583,50799.0289964438,35307.91748974846,10041.5593276717,0.49087413682566494,Scattered,False
1771724050.5759711,392593.4475380791,57987.411118288954,29598.177593834756,18807.05470096717,3780.811384205598,0.31276698185752777,Scattered,False
1771724051.582942,356298.0255636131,114610.55398525436,54581.12033980993,45483.15630512243,9851.803056605537,0.4292660975168029,Scattered,False
1771724052.5804129,470250.6021091112,70207.63970842463,33042.765945030456,35241.08909015062,6997.212476837239,0.6350650942742223,Scattered,False
1771724053.584903,394518.3293410521,158050.0101940555,42959.42495929625,22891.68478428389,6246.627963344991,0.17031688134726017,Scattered,False
1771724054.586942,350868.85710878007,154597.5308765521,34625.64232173268,23475.615181927307,6300.869041344732,0.13733154880683676,Scattered,False
1771724055.589943,262621.28312780603,121819.30520282137,64784.56602860902,33991.91004156385,7695.938380204927,0.34000204528419764,Scattered,False
1771724056.594295,117594.18813240321,41575.759692749314,16760.34152860301,13933.000679181045,3893.168328219941,0.3671912056425695,Scattered,False
1771724057.595082,313956.9272605742,88966.63115953887,36610.600924478946,27473.989125222524,5499.276975486859,0.31966137158791696,Scattered,False
1771724058.598193,474149.7845344449,170627.8993372473,80231.54147204995,81478.73576536351,17609.760242030625,0.5083899346247482,Scattered,False
1771724059.60038,410726.8550788497,126095.50939102267,27198.067455386383,34485.84976995708,6513.787668926566,0.2767005334908622,Scattered,False
1771724060.605063,306897.20613880747,267813.46057322,124562.22389120598,86783.98144534222,15658.990124874914,0.5838675197181414,Scattered,False
1771724061.605551,347493.8554947048,276014.6825392946,106375.1595811831,95560.29673832004,12551.286026816459,0.3765605731258467,Scattered,False
1771724062.6112618,92472.58783056482,154901.280688328,58532.99400784272,65170.04411557071,11024.844237614341,0.7860650720365381,Scattered,False
1771724063.616813,187320.2309797823,64400.373937623124,69817.57819651994,15011.56906755505,5975.001146098465,0.29242065171777765,Scattered,False
1771724064.618656,145371.3705000523,57136.23729659819,12546.129923223529,21816.601526707185,4811.203737309333,0.31403755604372907,Scattered,False
1771724065.6246881,203750.043661764,60895.08352907459,34691.47566549086,36301.66464719271,9629.5396739402,0.8473988058750511,Scattered,False
1771724066.6261592,256989.4682834035,58752.06285972885,15762.151292561008,13159.997738797569,2754.0606517558444,0.26074404945796137,Scattered,False
1771724067.6302772,161895.2817970829,57810.56125993456,28653.987367728092,17444.90723314036,2065.012934458102,0.2155424776876463,Scattered,False
1771724068.635117,86200.50899665065,54673.43589966899,12478.051778261073,27239.02671525904,2516.3106689039155,0.6199672426488949,Scattered,False
1771724069.6349928,423513.78494336683,262639.35185541876,82696.51459232482,89032.47668046049,13917.670109635403,1.3579541295772073,Scattered,False
1771724070.637986,311747.128656714,76529.7235624427,35012.71473934941,52778.85492774623,8109.716076463318,0.8084134001753298,Scattered,False
1771724071.642998,252090.2060464088,77490.90998824914,32944.16689262315,27272.00758029641,5042.345219339971,0.3686368673891819,Scattered,False
1771724072.647372,347474.0412571422,77538.63590805448,25832.91012742742,19534.9949458828,4778.879297869367,0.2003882999532559,Scattered,False
1771724073.6489,181951.8226311827,36021.74688425657,31189.94873060465,26235.705911325236,3552.207454923615,0.5515343952910211,Scattered,False
1771724074.648669,98044.60662317439,104505.74917446064,29894.681882707304,10915.983693041759,1696.5107204788017,0.09466229136717473,Scattered,False
1771724075.652176,117263.37383832963,32492.78639207301,13721.96095882181,19222.629371193103,1130.4630571553607,0.4757396645544397,Scattered,False
1771724076.6549718,42766.54648176431,74936.79684849507,20667.970917010178,9954.617041508935,1848.1264949237134,0.20699461451938328,Scattered,False
1771724077.6572218,34172.860951671224,6897.654216698693,8042.76176192378,1470.3438201382364,146.59863921353082,0.27192897221369805,Scattered,False
1771724078.6579058,11012.02552826596,8766.921266214795,2387.612147789172,589.1671493445358,46.94651131060849,1.48855722256718,Scattered,False
1771724079.657869,4522.791493930204,686.5386731150383,898.003049698911,359.90167494432217,31.672519814605312,1.843116011320724,Scattered,False
1771724080.6631858,4157.846116598642,2001.9238540197869,3371.4813384973136,360.9289927342208,37.343857421652956,0.5108255232411517,Scattered,False
1771724081.662587,52823.213358569126,7519.949900689313,6121.635616855668,1719.8570714490052,127.95958306860595,0.13285597906117894,Scattered,False
1771724082.666156,5815.67744467486,2825.478634294294,562.9643644735867,348.09190416866926,76.27686209192487,0.17301984142402957,Scattered,False
1771724083.668056,2535.759398780878,1104.79615616836,250.5407796723885,171.38159946204965,88.41319040109659,1.2593311813785888,Scattered,False
1771724084.6774259,500.6633129489377,78.3664132421386,24.600302253618175,55.919084644591145,32.47196715650476,0.7507644247653351,Scattered,False
1771724085.692184,148.56443960596883,26.233734436204553,32.85590014424799,46.362294893155045,23.96547409482772,2.0221500883589267,Scattered,False
1771724086.689698,332.015842505355,25.31486472874529,23.306788435825183,59.91025495743107,45.96408047829078,2.5843943468401673,Scattered,False
1771724087.6802619,77.6037676341656,19.28426706627026,47.4213240560447,47.49528266008474,31.53564755264965,2.6590387177372237,Scattered,False
1771724088.683754,162.93390735282355,33.40508458380351,19.788082794076853,52.88990910624807,20.395489226736164,1.797986645826856,Scattered,False
1771724089.686712,19122.449489816318,3507.4621923747973,1262.7194186556953,1424.7484683251132,675.4363894186836,1.0912260206519377,Scattered,False
1771724090.68975,197701.85033751177,85806.47197929959,20441.084226546598,20650.858497569392,4670.113685274328,1.216483906859291,Scattered,False
1771724091.692081,69418.77407799277,4878.972433119083,857.230732277637,1818.759795993649,253.25629988294375,0.36572686664136084,Scattered,False
1771724092.6927202,16835.303255401515,6118.964949580339,553.8458665700077,1366.8498619268682,231.10290975604568,0.20118250177136576,Scattered,False
1771724093.6932921,2530.3202538042524,586.3305776007479,55.68347976337293,97.49492367699888,59.16885479886093,0.1943844683425067,Scattered,False
1771724094.710189,508.9419090161974,124.08160848785373,49.669699180276204,108.6738008949116,57.42503531218046,1.7386441337535792,Scattered,False
1771724095.697508,92.23980317206843,20.3788808675179,10.242750928185474,46.5914852539262,62.83283423555162,4.574014923558179,Scattered,False
1771724096.7001212,235.1707684700652,50.79322031930255,20.185909470266704,92.68835713812302,38.50276383234685,1.5344815841229198,Scattered,False
1771724097.701429,578.1829408576838,182.41658851363445,29.651980361506997,64.49151406467193,59.127095278006166,0.9004713135089155,Scattered,False
1771724098.703818,32.82500996804588,23.0817969367247,12.240649600913535,38.17598421863577,65.02691608886084,1.692799157279991,Scattered,False
1771724099.70629,4069.87378631321,514.666548935825,33.66224162334518,56.91471158188847,65.17026483849517,1.2084160983561847,Scattered,False
1771724100.7120671,420.55711048631576,20.158000269624957,28.83327654931032,83.11037185734892,53.45392550754314,4.284891966296232,Scattered,False
1771724101.7136168,152.94302871993105,10.808801456371429,12.387183892993171,63.41710083847731,63.751181403670536,6.28704264095128,Scattered,False
1771724102.7214441,72.7549642144503,14.940899755106912,9.861095990021727,67.19146899009276,66.66815862717723,5.120333222666745,Scattered,False
1771724103.724749,63.91205170925594,8.273030573215939,5.866604709012698,48.1381057780454,43.02243258950659,5.683050454711674,Scattered,False
1771724104.727376,96.07931952141394,39.337192283487354,11.439110950433939,63.71216906447117,62.84857954026431,2.698139764599754,Scattered,False
1771724105.7370398,229.12477325169652,102.28474540172625,65.72278035918747,68.8796419044249,27.62439841331987,1.0823709774940495,Scattered,False
1771724106.735761,62.192785266543034,19.147962057894198,15.102865806875652,68.62965810306217,38.766495145917574,5.993302779465184,Scattered,False
1771724107.736793,103.98040306324391,13.078510296075997,15.649200277163693,53.990987662357554,34.87740893433104,6.340781972703243,Scattered,False
1771724108.7415192,254.70445060442432,55.55975680859901,23.788396544370194,70.14688041430813,44.497635343792034,1.3557336021300204,Scattered,False
1771724109.7418618,1430.096100498925,350.9764247944388,28.857885944501867,52.345619688086344,43.281759828824704,0.28400774549282504,Scattered,False
1771724110.745495,935.3277702098636,227.91236908880148,68.2494924700404,90.78343432421268,161.72900294720455,0.613956355932177,Scattered,False
1771724111.747657,621.458735218703,245.9447910925798,111.18952965883521,331.85646821871455,655.2306035921637,3.1677006641321985,Scattered,False
1771724112.752158,576.3642933072068,402.0356726738491,164.59131314179845,711.9453746487827,2736.4520269064296,3.4717719420976563,Scattered,False
1771724113.755161,1195.888411263206,567.7407979001223,158.16001690023504,102.60687538593177,50.57594035139396,0.26154504827093517,Scattered,False
1771724114.758049,323.654068296626,160.28836530891965,37.18368780820249,107.07305710955909,47.0014978642172,2.8938034623598323,Scattered,False
1771724115.762707,125.87226815133194,53.18400405789053,34.412115286006554,104.34031817244596,23.52062345975775,2.664253480238833,Scattered,False
1771724116.770012,1842.6455510219644,523.2260587269662,229.8754012778541,5383.609406812217,4200.6361103888885,10.465978170154813,Scattered,False
1771724117.772256,668.8309622315996,291.4160431556801,358.22620049135764,1433.466169930129,1216.0174136031922,4.691834750250834,Scattered,False
1771724118.778178,747.5647497671334,63.64197238381814,41.128962305828786,248.01413918028715,94.65042532105215,4.111539298474412,Scattered,False
1771724119.782644,403.7953404091384,81.6151245999617,42.6078713228104,236.06190727160688,102.80393385931472,4.86356691877466,Scattered,False
1771724120.7851698,692.2742431046756,144.6929019143295,155.77554460371027,1693.15561390955,1053.4953125098966,14.146328569007283,Scattered,False
1771724121.787414,415.1555157469561,115.3768907374885,44.13336726328176,48.899264912893535,58.871538675503885,1.1665327233430989,Scattered,False
1771724122.7907891,205.57225201795205,28.494070720126388,22.18611881225085,40.51904657587166,29.54408358029938,1.8683350695869005,Scattered,False
1771724123.7932239,8360.499458797054,879.5346281221192,65.8617156146798,119.73136692554817,54.82659567093155,2.7970214171877466,Scattered,False
1771724124.798605,404.49921194588137,198.80668810321205,87.50986690139817,60.07282363787063,34.542098350426144,2.1082975194401112,Scattered,False
1771724125.813264,149.98437645393284,35.52590746849829,12.868138184805527,58.816561507056015,66.20924892325503,2.340011390232189,Scattered,False
1771724126.809372,18.968898456421982,9.91293124723315,20.522537294026964,89.29765396594752,41.47923845503422,11.118121360039313,Scattered,False
1771724127.808619,279.17141825174133,67.08617696101892,14.59796772688864,40.22115641700094,17.438577382143443,2.8277557938673787,Scattered,False
1771724128.8131788,418.526959937432,29.17706090479657,19.24057630375503,71.19710085378327,72.69223648021512,2.9970611348972316,Scattered,False
1771724129.816146,675.5236657498451,72.34187784076859,20.116483382368585,83.14671159638334,81.02491697927113,1.9499756777177355,Scattered,False
1771724130.8222132,2297.543831460827,72.1841732017331,64.19748811274462,146.1208728096429,41.99048088493444,2.586188647719813,Scattered,False
1771724131.825283,189.13661554870185,16.81724706820265,18.733109737833267,39.17832062831744,20.51178000111752,3.103148584077762,Scattered,False
1771724132.8300102,118.37834611690573,23.979131435428936,11.001005533983202,34.8813926799693,26.62680529922064,1.80327627811032,Scattered,False
1771724133.835716,1248.0097493837752,763.6521614715043,835.1314875417268,4073.330827646266,3800.7901511993336,14.360968888602404,Scattered,False
1771724134.8361862,140.0927900971127,88.7261782145804,293.2087352070546,2653.986668394473,1031.0085609068587,39.120918138166836,Scattered,False
1771724135.8376708,696.0575760106593,139.88794358183986,611.7024072711841,12593.215540600035,3103.6182424180797,114.58798771711886,Scattered,False
1771724136.837736,15773.649679486065,18819.024657410657,16183.69332678121,32059.20660119934,4970.248897347977,3.8601685696054147,Scattered,False
1771724137.838145,807.1931014486848,1142.933633386415,855.0471258990015,1204.100106191092,140.97013493540095,5.95125179421881,Scattered,False
1771724138.838762,47.782663810915224,9.571921976547074,7.518053216406834,28.843247654268872,38.17977036786118,7.514999944045504,Scattered,False
1771724139.83911,19.797842752770826,3.9077985115623513,8.225053087123683,37.95170107688391,31.127892598293414,9.510619420624291,Scattered,False
1771724140.8421602,679.5673046337928,143.44512070124034,31.44956449454347,99.69965460444361,56.485687239238985,1.085239092694889,Scattered,False
1771724141.8469691,161.74765455298834,64.08918884048506,39.62864661061647,122.7040317005613,98.14988794364369,2.1912846932225407,Scattered,False
1771724142.846613,70.76387029292434,6.631487596014551,9.858223441798533,31.945613981869332,29.39629503107754,4.853371954853591,Scattered,False
1771724143.8497002,3413.5510181166037,885.5109822880487,331.21937430286283,85.27022932783572,47.85643844006192,0.13964695447898542,Scattered,False
1771724144.853927,404986.09081142256,79417.11542240028,32696.771945017415,27907.192761562656,5661.277396909889,0.7605966079572267,Scattered,False
1771724145.854028,69293.35590965231,28291.800203019397,6172.012783710296,5888.760414056241,1247.0837983261263,0.2047313526978857,Scattered,False
1771724146.857374,21927.323419202272,4524.387273190194,640.7926988576005,247.58758188610355,107.68460151031564,0.21498703210967385,Scattered,False
1771724147.86136,2323.2473909183586,392.6864809434002,262.205769391379,349.03701051524035,270.9614153299134,1.2922711862394758,Scattered,False
1771724148.8686678,1016.6522222517152,56.1423049577509,22.947421383346356,148.44134328284233,137.03859471341624,2.1496564963199782,Scattered,False
1771724149.8672042,763.217188344231,51.297180575463464,35.09963945737206,171.00009276121384,52.42404656402087,3.1409838655459192,Scattered,False
1771724150.8690329,433.6620509831653,57.26052071464411,17.7337466653025,135.0123992260887,39.788491378092786,10.047972427403106,Scattered,False
1771724151.8717802,5339.9247160733385,357.9106829048093,129.37732198545683,129.08824942054142,59.328967224190485,0.3911326014569431,Scattered,False
1771724152.874793,886.526193445871,1121.2465086355533,441.94031078803044,306.4307899513606,136.1416227186401,2.2941575036421327,Scattered,False
1771724153.878199,1730.083381502633,176.0724634666805,63.92767219091709,125.72605876462647,65.61241988177775,1.8128515977178716,Scattered,False
1771724154.88173,854.9807213187931,199.44531897551678,69.73708118075734,141.3303924397449,98.99466341867631,2.3277299169108603,Scattered,False
1771724155.88308,4536.077133667623,1840.3661608075208,131.1423929136189,154.7698500646879,146.14661754842234,0.19038851570103676,Scattered,False
1771724156.8863292,471.32407275058017,49.34904717941118,35.848176956132676,117.87309908663589,78.47777401398459,3.463443897424546,Scattered,False
1771724157.892343,279.6443207202577,12.698614344192361,20.829585902819673,134.26709076789595,73.91101171230963,10.130838776420699,Scattered,False
1771724158.905035,3053.107018974566,1544.8604462522114,287.41848922522064,164.1738776320235,82.4357025658309,0.0970954733359789,Scattered,False
1771724159.9007099,278843.5985265455,45010.30670127613,12677.766583417655,12424.469202036584,2752.5517581153654,0.28766199486801036,Scattered,False
1771724160.902742,142697.30009578168,69576.38611913967,19943.845338135772,30477.41510128708,6508.9280354873645,1.3145228431465954,Scattered,False
1771724161.9065778,67769.73799657795,24284.479162475684,4358.336558186091,5730.511440067527,2533.414115554622,0.2887258499310471,Scattered,False
1771724162.908263,210437.9480830268,66404.27545490657,23838.668612210837,16773.38736792731,6069.876313587604,0.4598739705497161,Scattered,False
1771724163.91375,464907.2146844244,105201.34696692973,30453.08563569122,46924.43303778749,14577.477864475079,0.8353169481213719,Scattered,False
1771724164.915395,261065.95420502644,177535.41478604393,96115.02016676885,54598.383168222834,11406.877646352517,0.3270811372082001,Scattered,False
1771724165.91597,166703.69749339536,130514.52751373651,55928.21889230476,28457.62792767577,7308.9398380933235,1.0171367540927145,Scattered,False
1771724166.920911,110742.3220045763,186737.18638784916,34207.79220396416,79400.75402668255,12827.619864451855,0.393714154283707,Scattered,False
1771724167.9251661,227273.47964460932,123739.5545732737,37478.18666888213,36685.361489497525,13487.229498119239,0.3350585594044836,Scattered,False
1771724168.930337,306494.4347126527,155538.33289306934,71114.67214007079,65636.632619408,18081.942033472616,0.4319969621086336,Scattered,False
1771724169.938329,492159.68027593696,125420.19203603109,74138.23044182628,45157.25310957451,15697.986844041105,0.38096752098936504,Scattered,False
1771724170.938231,323838.51323799824,148781.07379392142,42161.477518058324,52836.54360623461,13186.43125787651,0.48445956989055516,Scattered,False
1771724171.943417,191005.22722378018,71900.39101874027,47983.20741846785,45297.52886207593,10280.503412686207,0.5815233449131694,Scattered,False
1771724172.9448562,335294.57926731586,55321.16466174311,27785.347637983334,39556.10185163878,9265.697320185893,0.7921005203870128,Scattered,False
1771724173.947656,116481.88723494323,132235.72880117936,41149.73961768689,74960.33471630233,12391.69485644419,0.985103221865,Scattered,False
1771724174.948713,352412.79481548304,76719.25271254861,27192.702149262397,20385.55369669523,5837.9839363273,0.2725120707414164,Scattered,False
1771724175.9543161,128148.66882224791,102172.77749598057,28874.58137595943,19703.69129752826,9397.625662700219,0.4341912027869022,Scattered,False
1771724176.9547882,275064.20523499075,75751.8743015277,20747.047748090805,26640.258864308158,6986.459839301493,0.3581819315920238,Scattered,False
1771724177.958009,23022.756980017395,22316.05996855032,14079.148668777074,9251.620634606536,2041.270645754671,0.4401111175259644,Scattered,False
1771724178.956866,216877.81111289293,49014.59701343981,27033.891668695313,17479.833350297304,3480.5288879764544,0.3747942010738492,Scattered,False
1771724179.962235,45570.461076529085,38999.15409070386,10954.370910966376,9613.353207924138,2246.544374774668,0.23205831127757148,Scattered,False
1771724180.963732,7294.741449973507,1420.6198270063367,898.120673069519,288.5883039803741,102.71361754326858,0.5775447515017857,Scattered,False
1771724181.965537,6970.960570860389,276.8439593282852,96.2621731740865,85.0467254868684,61.14536795955787,0.3644916474334955,Scattered,False
1771724182.966811,8016.765462841015,1582.959376999547,87.67112697944582,85.29259587232542,64.50939406378069,0.2928318519004754,Scattered,False
1771724183.9701939,1154.9455475153209,148.58331903445702,95.22658514728643,103.32100225367131,41.41598619209907,0.6095220400097721,Scattered,False
1771724184.9739609,93.80734413124003,17.939236220433422,40.96641494933571,68.15821743914984,54.65573219931096,3.57813534458778,Scattered,False
1771724185.974984,23.43203719457903,16.708216841192872,16.308659131796862,52.19516795756652,61.47287015059271,2.6140896765063584,Scattered,False
1771724186.9790132,855.019472460871,149.65749596670395,55.444760215464214,73.2770295285525,59.57090284156373,1.6770882245852425,Scattered,False
1771724187.983381,5224.41038873165,1140.3937600254715,194.7792216211232,298.87015935406856,130.69776076921806,0.5199976603280868,Scattered,False
1771724188.989381,72.1650061299557,16.43931586359605,17.68821814622825,48.20292233557299,70.42754364497566,6.1905470656749895,Scattered,False
1771724189.992467,102.35557867295351,13.865631277368557,24.415554116479314,85.71335791072447,65.03692765056685,4.916632400824927,Scattered,False
1771724191.0161622,387.7841080746123,204.69259249062816,55.681044667738114,56.54377362257956,75.69913596773543,0.6417380326544724,Scattered,False
1771724192.001939,107.44747966425976,25.908439964202156,32.58151582539797,90.45399413023948,105.58883999443736,3.789463846595281,Scattered,False
1771724193.0036569,790.1521233457134,54.04604448984977,21.55911416452263,49.20649697396476,36.292904909080725,1.0375520062479338,Scattered,False
1771724194.0057359,1770.7638887910543,99.7606251554124,29.233000658899904,131.90556469313037,177.45212914648266,1.200018216996557,Scattered,False
1771724195.011521,79.79940227043743,30.3092591643229,20.567194968307625,105.06009912258851,96.56120877925939,3.0031638776356995,Scattered,False
1771724196.013623,136.14140888900843,35.869610418164235,32.20681502253747,125.33660143888991,80.1086904255605,3.047515277921516,Scattered,False
1771724197.015039,3861.8174217952956,537.3928009450173,73.85405788102895,89.95200940922462,56.737051635577046,0.1622353457644944,Scattered,False
1771724198.01725,167.43027508313543,47.21747429002795,38.12862220509455,130.54209128519614,73.67346629357363,2.161731869800372,Scattered,False
1771724199.018046,1956.238581238913,416.24181079131665,33.403531333658066,79.68441824481309,74.17098702966507,0.19757970402228575,Scattered,False
1771724200.0227652,29.656793518596817,13.57930021399769,12.122566373969569,48.01181233257681,41.40305575763942,5.1041606085551745,Scattered,False
1771724201.028217,665.1202428564379,30.77164418976286,18.241943488561418,56.168594198978255,62.51938137443172,1.5786095790259038,Scattered,False
1771724202.034931,10495.33360271111,3964.0184198405195,327.53165378341566,153.78692104581063,79.60780164791188,0.14678464304865424,Scattered,False
1771724203.041467,2559.7036289644057,921.0289347708645,138.77509370099455,88.474257117044,45.151089827644455,0.08807253660322685,Scattered,False
1771724204.039708,271.1349072698945,64.89402356808424,22.585279292447353,52.379936301604936,34.94494824110119,2.0781171050809295,Scattered,False
1771724205.041443,17.238959845758195,10.741397125439965,7.766706394952939,39.11988612259725,31.239099294784616,4.215557854168018,Scattered,False
1771724206.0471811,93.7132740982881,16.820720280423334,13.852504584647274,54.177399958557864,31.729280176129382,3.6227186066114525,Scattered,False
1771724207.048799,1253.6509149693845,158.38385628475336,38.19694739865427,79.22002165736657,61.307151077001805,0.745896587966662,Scattered,False
1771724208.050088,19240.8065048976,2594.8517140183635,2616.527975552617,301.7700980638479,117.48840672596339,0.3269419876034877,Scattered,False
1771724209.053471,259.98046582276316,16.906371611894905,9.454868088380511,48.801731301749406,41.79074406152489,2.8147952674050414,Scattered,False
1771724210.0542872,21.169217760824722,8.937611194772627,10.479449409293718,45.46351027648458,49.67240118978345,4.4118556896127545,Scattered,False
1771724211.057526,21.234663855076015,16.056937772742756,13.836028145603686,57.087412902034146,35.842659685148334,3.0038976240026978,Scattered,False
1771724212.06107,170.043714863818,80.46801510465748,27.688226198418675,56.79292218085434,95.56418162315165,0.8360548317343585,Scattered,False
1771724213.062294,56.15308604770466,27.23329196053657,11.225074759738705,50.52429336895142,63.7514992860777,1.9287191727204278,Scattered,False
1771724214.062729,18.374804669657536,10.176162436772167,6.602798836819324,40.50026393391455,79.45142236554263,3.618625170865039,Scattered,False
1771724215.06585,51.22988560158619,19.91179401337752,11.360074471418498,47.08111025593452,68.43765485132832,3.1440328631728636,Scattered,False
1771724216.068672,33.38026359994231,10.66367614621882,26.31618535943717,52.821490449230616,97.43151118538677,5.5083266785472285,Scattered,False
1771724217.0687392,1211.471712982919,409.194941014419,21.698136906897027,80.62995707550368,125.92282712770007,0.21629441271237454,Scattered,False
1771724218.0731788,240.95947578842836,20.134670938732242,32.5181869828433,136.4913464572001,82.16279191445945,4.646043810046786,Scattered,False
1771724219.074868,4359.960978188401,462.51630701261126,92.11259627091083,86.99359887782002,47.328341029083774,0.18989999752721942,Scattered,False
1771724220.0748339,1437.538716019681,544.5313318541655,28.53692766287815,49.039288703304074,30.847785856852934,0.12760669133312758,Scattered,False
1771724221.0765991,116.76882147614722,89.43274772204845,34.77759555788619,41.89982914925519,19.241298602911662,0.5051377636428316,Scattered,False
1771724222.079034,99.03655797101975,52.13901142794083,17.586264940759914,37.96490238964664,31.294719897867534,1.2007897871472648,Scattered,False
1771724223.08354,2515.470494558919,415.5312931658495,102.71489340212611,143.73431363511534,142.16945679436495,1.6204835921645921,Scattered,False
1771724224.0996149,435.1397357366026,117.5677546009656,99.03295625353444,90.79976903223604,79.27187865254196,1.216733547743945,Scattered,False
1771724225.092103,3249.6873908961993,1056.9030260577692,69.88931215101043,96.20648333876426,54.89691080877752,0.08947878572769247,Scattered,False
1771724226.094218,9367.490413982621,1320.9180917741155,185.66342664252477,509.0464230430446,326.2031870011856,0.2998376012747862,Scattered,False
1771724227.098135,114127.20401427479,30990.653986684367,1672.2847901869118,2499.9621673579813,1396.9079592517314,0.2753131580502934,Scattered,False
1771724228.099552,1761.598520601186,144.4208182276903,124.31765779323635,887.6924190391521,922.0085135692641,10.504505050599535,Scattered,False
1771724229.1028092,49323.758838752256,4725.4301395798875,1341.2827191714468,724.1777598979011,380.0212894753901,1.1861231794738956,Scattered,False
1771724230.105563,3482.682834393857,1613.5772885453011,191.8307360708523,233.39040668743155,75.02627335962015,0.21991375821971595,Scattered,False
1771724231.109175,1240.946756311401,30.35314066127698,32.975315004000514,96.95223628266795,157.34479895381688,2.6396648794310953,Scattered,False
1771724232.1093602,500.4287863562787,46.71304299841419,101.46615279821596,257.55956990149326,269.07272170996254,4.5738084189525825,Scattered,False
1771724233.112651,3445.7496407732165,824.109790732675,124.89151929372849,126.05931439607824,104.50630656978474,0.13682647055146607,Scattered,False
1771724234.117155,13286.720979519676,13479.764389973388,3775.619135306668,2512.2634821210822,188.1416791014946,0.10650429077098968,Scattered,False
1771724235.120954,6900.989129580059,721.1982454898642,509.86991666399734,221.8351528233016,104.1966342551099,0.5728811653212608,Scattered,False
1771724236.121185,7087.225993417169,1418.7474605408092,222.08875122782004,117.00126622891676,59.35899383999965,0.10057920057558314,Scattered,False
1771724237.1235788,26436.50832922999,5991.127051899917,1616.9486068757988,664.2447251255272,113.94627044512819,0.10969794304505372,Scattered,False
1771724238.123372,54578.032547660725,6781.959839948746,823.3174610752233,831.141083725718,61.156498472633544,0.14361757755023902,Scattered,False
1771724239.129285,14211.987610794258,1088.2940541167893,205.71747851074434,92.43743043567717,41.77748917742385,0.17188237623506275,Scattered,False
1771724240.131142,396.9021055796983,86.79951949233578,91.38504153248776,199.300658861589,115.58524727094115,1.426880828448689,Scattered,False
1771724241.135852,1944.4084378710681,227.84940812685858,39.45079682049819,158.5768757868083,257.51325070992556,0.82597742466004,Scattered,False
1771724242.137516,2987.8082163526324,1344.902349122026,272.27450743244225,130.2321900151855,196.95370342369074,0.22249900008438714,Scattered,False
1771724243.1427462,584.6306705597171,49.73167541484402,26.71577891801448,203.0717237941173,197.23196319844743,4.110677940524255,Scattered,False
1771724244.1459289,4353.184080087099,679.6183816394362,79.92684206049657,98.05526857588207,60.44968746284145,0.11249374348431404,Scattered,False
1771724245.147323,177.89662688183523,105.93945516996595,44.17073802055809,78.13754136931459,55.02837647638904,0.8487234213080415,Scattered,False
1771724246.147765,94.61889147017835,35.616692106257666,7.431916017173922,51.266571940784885,43.55425627148,1.381624654583013,Scattered,False
1771724247.151346,190.85175135261954,91.79223731783073,28.345199054277487,49.72596632660269,48.033594732092254,3.34309001250693,Scattered,False
1771724248.155688,156.30450494877152,28.10579915814072,13.208257342907672,42.72328883263687,34.90283556244331,4.2820955407173535,Scattered,False
1771724249.156514,6982.675375313385,243.96232167262718,72.58212744550424,142.67816735229007,127.2306260058723,0.5903966016540203,Scattered,False
1771724250.159702,5234.75527637119,1449.8262347837026,98.36562151169292,88.19677936059873,69.92416615504175,0.0593540741616642,Scattered,False
1771724251.162171,3390.256393488187,675.3128057490725,68.90569713136355,60.649748190833066,29.504156771456373,0.08929722655765199,Scattered,False
1771724252.163369,319650.52962882386,267025.3757204752,66558.97116594747,58682.5086550517,11940.23006171667,0.21936333771350247,Scattered,False
1771724253.165014,59168.510903463735,32660.120816953622,4842.526729814042,1829.380887499894,735.8390371707346,0.05776726428857381,Scattered,False
1771724254.167943,1992.1108430647732,282.54288823953675,139.314697714688,594.7335228655277,406.7408265579629,2.331402046604421,Scattered,False
1771724255.169487,940.2851106568138,465.21328510082856,98.24052905795452,227.4100850075023,274.18085930149846,0.5791046376211526,Scattered,False
1771724256.173312,607.6262958469192,70.84995135566693,67.76298866838837,244.45901888996286,155.6849281959631,11.96734767625183,Scattered,False
1771724257.1786408,1332.4168700960513,338.2799714710118,60.07196958925919,200.08428529050002,113.07938848744529,0.6533851515974176,Scattered,False
1771724258.1789079,52629.17138147801,25202.375935869462,9987.79125737431,7017.122742154328,1465.9734400987618,0.29128278984928907,Scattered,False
1771724259.183073,235698.93623696401,101708.49672152053,62887.12862920492,43584.19223731839,18744.35107908169,0.42526601070190406,Scattered,False
1771724260.188183,456159.66198770935,62179.93802122163,29988.47416712013,19417.588451957956,5338.210758938435,0.38331276592981944,Scattered,False
1771724261.189916,69888.46786141128,210692.48594621086,90772.80614034126,41839.30841594405,11666.095490441707,0.33473205860003374,Scattered,False
1771724262.191693,100083.10378195302,169315.35745173582,59243.3828645536,44477.35101128726,12039.783903064243,0.7157858837693903,Scattered,False
1771724263.191722,159661.29697305846,38386.61825055623,21943.216563257887,23505.47843618301,12627.85361738154,0.9899059414088183,Scattered,False
1771724264.194203,368017.4275318863,51549.20365337631,32676.953334998158,31597.274092600564,8662.329630823646,2.7245011207413277,Scattered,False
1771724265.203135,343934.9056139179,96952.55299545854,52905.34813216158,54602.16558509847,17233.408211291222,1.5952504131998677,Scattered,False
1771724266.203495,480996.21033336944,66086.83859431454,33082.28947221869,34093.14444865396,7717.716947775599,2.0489371834006396,Scattered,False
1771724267.2037508,461842.06895144074,44157.10912874483,25838.86078790901,32228.807069694943,11848.356064504662,1.4110280693830575,Scattered,False
1771724268.2070348,461842.06895144074,44157.10912874483,25838.86078790901,32228.807069694943,11848.356064504662,1.4110280693830575,Scattered,False
1771724269.2076092,461842.06895144074,44157.10912874483,25838.86078790901,32228.807069694943,11848.356064504662,1.4110280693830575,Scattered,False
1771724270.212116,461842.06895144074,44157.10912874483,25838.86078790901,32228.807069694943,11848.356064504662,1.4110280693830575,Scattered,False
1771724271.2130702,461842.06895144074,44157.10912874483,25838.86078790901,32228.807069694943,11848.356064504662,1.4110280693830575,Scattered,False
1771724272.218005,461842.06895144074,44157.10912874483,25838.86078790901,32228.807069694943,11848.356064504662,1.4110280693830575,Scattered,False
